Title,Price,Mileage,City,Distance
2022 Mazda Mazda3 FWD,"$19,374","25,356 mi.","Martinez, GA",(88 mi. from 30605)
2023 Mazda Mazda3 2.5 S Select,"$19,500","29,502 mi.","Lithia Springs, GA",(73 mi. from 30605)
2022 Mazda Mazda3 FWD w/Premium Package,"$18,994","17,121 mi.","Tampa, FL",(418 mi. from 30605)
2022 Mazda Mazda3 FWD w/Premium Package,"$18,995","56,066 mi.","Manassas Park, VA",(466 mi. from 30605)
2021 Mazda Mazda3 FWD w/Select Package,"$16,995","73,446 mi.","Louisville, KY",(323 mi. from 30605)
2023 Mazda Mazda3 AWD,"$19,900","66,786 mi.","Greensboro, NC",(250 mi. from 30605)
2021 Mazda Mazda3 AWD w/Preferred Package,"$19,980","65,991 mi.","Tuscaloosa, AL",(244 mi. from 30605)
2021 Mazda Mazda3 AWD w/Select Package,"$18,981","53,326 mi.","Orlando, FL",(395 mi. from 30605)
2021 Mazda Mazda3 FWD w/Preferred Package,"$18,991","65,049 mi.","Columbus, OH",(417 mi. from 30605)
2024 Mazda Mazda3 FWD w/Preferred Package,"$18,327","51,737 mi.","Lake City, FL",(264 mi. from 30605)
2022 Mazda Mazda3 FWD w/Select Package,"$18,999","61,188 mi.","Shiloh, IL",(484 mi. from 30605)
2021 Mazda Mazda3 FWD,"$18,998","45,224 mi.","Indianapolis, IN",(430 mi. from 30605)
2021 Mazda Mazda3 FWD w/Preferred Package,"$18,900","62,569 mi.","Alexandria, VA",(486 mi. from 30605)
2024 Mazda Mazda3 FWD w/Preferred Package,"$18,995","35,584 mi.","Hamilton, OH",(381 mi. from 30605)
2022 Mazda Mazda3 FWD w/Preferred Package,"$19,595","44,084 mi.","Lakeland, FL",(423 mi. from 30605)
2022 Mazda Mazda3 FWD w/Preferred Package,"$19,500","60,920 mi.","Dayton, OH",(405 mi. from 30605)
2021 Mazda Mazda3 2.5 Turbo AWD,"$19,980","55,568 mi.","Tampa, FL",(418 mi. from 30605)
2021 Mazda Mazda3 FWD w/Select Package,"$16,827","71,372 mi.","Sanford, NC",(261 mi. from 30605)
2023 Mazda Mazda3 FWD,"$19,679","40,914 mi.","Orlando, FL",(395 mi. from 30605)
2024 Mazda Mazda3 2.5 S Select Sport,"$19,995","52,224 mi.","Henderson, NC",(329 mi. from 30605)
2021 Mazda Mazda3 2.0 FWD,"$15,995","68,891 mi.","Orlando, FL",(395 mi. from 30605)
2024 Mazda Mazda3 FWD w/Preferred Package,"$13,500","36,000 mi.","Birmingham, AL",(198 mi. from 30605)
2023 Mazda Mazda3 FWD w/Select Package,"$17,787","58,380 mi.","Paris, KY",(298 mi. from 30605)
2023 Mazda Mazda3 2.5 S,"$18,900","54,780 mi.","Summerville, SC",(197 mi. from 30605)
2021 Mazda Mazda3 AWD w/Premium Package,"$18,500","54,821 mi.","Tampa, FL",(418 mi. from 30605)
2022 Mazda Mazda3 Select,"$19,998","42,783 mi.","Winchester, VA",(462 mi. from 30605)
2025 Mazda Mazda3 2.5 S Select Sport,"$18,991","5,308 mi.","Indianapolis, IN",(430 mi. from 30605)
2022 Mazda Mazda3 AWD w/Premium Package,"$19,954","53,189 mi.","Yulee, FL",(253 mi. from 30605)
2021 Mazda Mazda3 FWD w/Select Package,"$14,995","64,475 mi.","Orlando, FL",(395 mi. from 30605)
2022 Mazda Mazda3 FWD w/Select Package,"$18,997","45,912 mi.","Rockville, MD",(499 mi. from 30605)
2021 Mazda Mazda3 FWD w/Preferred Package,"$19,991","34,999 mi.","Lakeland, FL",(417 mi. from 30605)
2021 Mazda Mazda3 AWD w/Premium Package,"$19,888","54,584 mi.","Orlando, FL",(395 mi. from 30605)
2024 Mazda Mazda3 2.5 S Select Sport,"$19,599","36,876 mi.","Orlando, FL",(395 mi. from 30605)
2023 Mazda Mazda3 2.5 S Select,"$18,397","46,763 mi.","Birmingham, AL",(198 mi. from 30605)
2021 Mazda Mazda3 FWD w/Preferred Package,"$18,768","34,666 mi.","Tampa, FL",(418 mi. from 30605)
2022 Mazda Mazda3 FWD w/Select Package,"$18,657","21,238 mi.","Tampa, FL",(418 mi. from 30605)
2021 Mazda Mazda3 FWD w/Select Package,"$16,997","69,899 mi.","Mt Orab, OH",(352 mi. from 30605)
2023 Mazda Mazda3 FWD w/Preferred Package,"$19,750","55,951 mi.","Cincinnati, OH",(361 mi. from 30605)
2023 Mazda Mazda3 2.5 S Select,"$19,987","30,593 mi.","Tampa, FL",(418 mi. from 30605)
2021 Mazda Mazda3 FWD,"$19,000","43,136 mi.","Wooster, OH",(481 mi. from 30605)
2022 Mazda Mazda3 FWD w/Preferred Package,"$20,000","27,446 mi.","Thomasville, GA",(218 mi. from 30605)
2024 Mazda Mazda3 2.5 S Select Sport,"$17,873","47,085 mi.","Swainsboro, GA",(112 mi. from 30605)
2023 Mazda Mazda3 FWD w/Select Package,"$17,097","57,859 mi.","Fort Pierce, FL",(485 mi. from 30605)
2023 Mazda Mazda3 2.5 S Select,"$18,000","46,189 mi.","Jacksonville, FL",(270 mi. from 30605)
2023 Mazda Mazda3 FWD,"$18,888","37,946 mi.","Brandon, FL",(422 mi. from 30605)
2023 Mazda Mazda3 2.5 S Select,"$18,399","9,184 mi.","Orlando, FL",(395 mi. from 30605)
2024 Mazda Mazda3 FWD w/Preferred Package,"$18,691","37,734 mi.","Clearwater, FL",(415 mi. from 30605)
2021 MAZDA MAZDA3 Select Sedan 4D,"$17,990","71,445 mi.","Fairburn, GA",(74 mi. from 30605)
2021 MAZDA MAZDA3 Select Sedan 4D,"$18,990","59,909 mi.","Concord, NC",(188 mi. from 30605)
2021 MAZDA MAZDA3 Select Sedan 4D,"$19,990","44,986 mi.","Colonial Heights, VA",(407 mi. from 30605)
2023 MAZDA MAZDA3 Select Sedan 4D,"$19,990","58,524 mi.","Bessemer, AL",(209 mi. from 30605)
2021 MAZDA MAZDA3 Select Sedan 4D,"$19,590","42,482 mi.","Colonial Heights, VA",(407 mi. from 30605)
2022 MAZDA MAZDA3 Preferred Hatchback 4D,"$19,590","68,903 mi.","Haines City, FL",(418 mi. from 30605)
2024 MAZDA MAZDA3 2.5 S Preferred Hatchback 4D,"$18,691","37,868 mi.","Haines City, FL",(418 mi. from 30605)
2024 Mazda Mazda3 Preferred,"$19,699","23,405 mi.","Lithia Springs, GA",(73 mi. from 30605)
2021 Mazda Mazda3 Premium,"$18,999","44,236 mi.","Smyrna, GA",(65 mi. from 30605)
2021 Mazda Mazda3 Select,"$19,998","36,905 mi.","Gainesville, FL",(302 mi. from 30605)
2021 Mazda Mazda3 Premium,"$19,998","65,014 mi.","Indianapolis, IN",(430 mi. from 30605)
2021 Mazda Mazda3 Select,"$18,998","44,510 mi.","Clermont, FL",(386 mi. from 30605)
2022 Mazda Mazda3 Select,"$19,995","31,712 mi.","St. Petersburg, FL",(431 mi. from 30605)
2024 Mazda Mazda3 Preferred,"$19,980","60,423 mi.","Longwood, FL",(382 mi. from 30605)
2021 Mazda Mazda3 2.0,"$19,998","33,482 mi.","Winterville, NC",(358 mi. from 30605)
2022 Mazda Mazda3 Premium,"$19,599","67,429 mi.","Vero Beach, FL",(471 mi. from 30605)
2022 Mazda Mazda3 2.5 S,"$19,998","31,330 mi.","Gaithersburg, MD",(496 mi. from 30605)
2022 Mazda Mazda3 Select,"$16,370","47,339 mi.","Wesley Chapel, FL",(402 mi. from 30605)
2022 Mazda Mazda3 Select,"$15,769","55,073 mi.","Wesley Chapel, FL",(402 mi. from 30605)
2021 Mazda Mazda3 Preferred,"$19,530","15,484 mi.","New Port Richey, FL",(397 mi. from 30605)
2023 Mazda Mazda3 Preferred,"$18,789","55,067 mi.","Temple Hills, MD",(491 mi. from 30605)
2023 Mazda Mazda3 Select,"$19,455","38,362 mi.","Gardendale, AL",(197 mi. from 30605)
2021 Mazda Mazda3 2.5 S,"$18,998","50,911 mi.","Fayetteville, NC",(268 mi. from 30605)
2024 Mazda Mazda3 Select Sport,"$19,300","50,626 mi.","Elizabeth City, NC",(436 mi. from 30605)
2023 Mazda Mazda3 Select,"$16,995","42,630 mi.","Orlando, FL",(395 mi. from 30605)
2021 Mazda Mazda3 2.5 Turbo Premium Plus,"$17,998","66,546 mi.","Orlando, FL",(395 mi. from 30605)
2023 Mazda Mazda3 Select,"$16,285","59,670 mi.","Memphis, TN",(385 mi. from 30605)
2022 Mazda Mazda3 Premium,"$19,891","54,177 mi.","Longwood, FL",(382 mi. from 30605)
2023 Mazda Mazda3 Select,"$18,543","39,832 mi.","Fredericksburg, VA",(446 mi. from 30605)
2021 Mazda Mazda3 2.5 S,"$14,990","72,352 mi.","Clearwater, FL",(415 mi. from 30605)
2022 Mazda Mazda3 Select,"$17,875","44,594 mi.","Hoover, AL",(198 mi. from 30605)
2021 Mazda Mazda3 Select,"$16,995","71,215 mi.","Raleigh, NC",(298 mi. from 30605)
2023 Mazda Mazda3 Preferred,"$17,988","51,680 mi.","Dunn, NC",(288 mi. from 30605)
2023 Mazda Mazda3 Preferred,"$18,400","12,544 mi.","Fishers, IN",(439 mi. from 30605)
2023 Mazda Mazda3 Select,"$14,900","58,859 mi.","Thonotosassa, FL",(411 mi. from 30605)
2023 Mazda Mazda3 Select,"$19,699","52,800 mi.","Plymouth, NC",(399 mi. from 30605)
2022 Mazda Mazda3 Select,"$16,990","54,611 mi.","Orlando, FL",(395 mi. from 30605)
2022 Mazda Mazda3 Premium,"$18,000","60,489 mi.","Priest River, ID",(1985 mi. from 30605)
2025 MAZDA MAZDA3 2.5 S Preferred Sedan 4D,"$19,543","28,953 mi.","Fort Worth, TX",(808 mi. from 30605)
2024 MAZDA MAZDA3 2.5 S Preferred Hatchback 4D,"$18,616","38,467 mi.","University Park, IL",(568 mi. from 30605)
2021 Mazda Mazda3 Select,"$16,545","71,762 mi.","Cudahy, WI",(666 mi. from 30605)
2021 Mazda Mazda3 Premium,"$18,990","35,578 mi.","Eugene, OR",(2225 mi. from 30605)
2025 MAZDA MAZDA3 2.5 S Preferred Sedan 4D,"$19,935","38,446 mi.","Houston, TX",(760 mi. from 30605)
2023 Mazda Mazda3 2.5 S Select,"$18,991","34,440 mi.","Miami, FL",(592 mi. from 30605)
2022 Mazda Mazda3 FWD,"$17,998","66,103 mi.","San Jose, CA",(2166 mi. from 30605)
2022 Mazda Mazda3 FWD w/Select Package,"$17,999","45,521 mi.","Tempe, AZ",(1637 mi. from 30605)
2022 Mazda Mazda3 AWD w/Premium Package,"$19,499","56,852 mi.","Norco, CA",(1949 mi. from 30605)
2022 Mazda Mazda3 FWD w/Preferred Package,"$19,688","61,640 mi.","Glendale, AZ",(1648 mi. from 30605)
2021 Mazda Mazda3 FWD,"$16,565","58,575 mi.","Kansas City, MO",(715 mi. from 30605)
2021 Mazda Mazda3 Preferred,"$18,995","67,548 mi.","Henderson, NV",(1781 mi. from 30605)
2021 Mazda Mazda3 Select,"$19,998","36,548 mi.","Modesto, CA",(2110 mi. from 30605)
2025 Mazda Mazda3 2.5 Turbo Premium Plus,"$14,800","2,009 mi.","Raymond, NH",(891 mi. from 30605)
2023 Mazda Mazda3 2.5 S Select,"$19,449","32,692 mi.","Miami, FL",(592 mi. from 30605)
2023 Mazda Mazda3 FWD w/Preferred Package,"$19,500","23,000 mi.","Emigsville, PA",(556 mi. from 30605)
